rule,count,rate,threshold
price < 0,0,0.000000,
price = 0,68673,0.001618,
price <= 0,68673,0.001618,
price > P99.9,0,0.000000,2574.070000
